vin,One Owner
1HGCV3F91LA015984,0
1HGCV1F36JA039324,0
1HGCV1F38KA100917,1
1HGCV1F32LA060903,0
1HGCV1F5XMA079539,0
1HGCV2F30MA000559,0
1HGCV2F38KA021298,0
1HGCV1F31MA102561,0
1HGCV1F54LA034935,0
1HGCV1F18JA175078,0
1HGCV2F52LA004810,0
1HGCR2F35DA245331,0
1HGCV2F38KA019017,0
1HGCV1F57JA142656,0
1HGCV1F43LA037901,0
1HGCV1F37NA068868,1
1HGCV1F33NA059195,1
1HGCV1F30NA060451,1
1HGCV3F28NA033632,1
1HGCV1F59MA101322,0
1HGCV1F16LA126688,1
1HGCR2F77FA141235,0
1HGCV3F98MA018947,0
1HGCR2F37FA093359,0
1HGCR2F85EA264006,1
1HGCV1F98JA063547,0
1HGCV1F38JA097905,0
1HGCV1F98JA219750,0
1HGCR2F50FA224231,0
1HGCV1F34KA107055,0
1HGCV1F32LA134174,0
1HGCV3F23NA025793,0
1HGCR2F36EA198781,1
1HGCV1F15KA094623,0
1HGCV1F34MA059950,1
1HGCV1F47MA000254,0
1HGCV1F36NA021282,1
1HGCV1F38NA037029,1
1HGCV1F34NA049498,1
1HGCV2F96LA022732,1
1HGCV3F20NA021569,1
1HGCR3F92EA019971,0
1HGCR2F82DA008629,0
1HGCV1F35LA001733,0
1HGCV1F36LA101422,0
1HGCV1F40LA142931,0
1HGCV1F97JA013206,0
1HGCV2F96MA023851,0
1HGCV2F37KA027979,0
1HGCR2F39FA038279,0
1HGCV1F46LA076952,0
1HGCV2F95JA011430,0
1HGCV1F56KA041447,0
1HGCV1F38LA033883,0
1HGCR2F83EA190567,0
1HGCV1F48LA085619,0
1HGCV1F36LA149731,0
1HGCV1F32NA057695,0
1HGCV1F35NA064706,0
1HGCV1F48NA029201,0
1HGCR3F89FA012928,0
JHMCR6F32HC016121,0
1HGCV1F39LA086382,0
1HGCV1F42NA003919,0
1HGCT1B87DA010801,0
1HGCR3F93HA031485,0
1HGCR2F59HA245193,0
1HGCR2F36HA281891,0
1HGCR2F87FA097679,0
1HGCV2F93JA001897,0
1HGCV1F37NA005124,0
1HGCR2F36DA112075,0
1HGCR3F87DA034181,0
1HGCV2F38NA000293,1
1HGCV1F34KA132733,0
1HGCT1B81HA010203,0
1HGCV1F36JA049643,0
1HGCS2B88BA001448,0
1HGCV1F17LA007368,0
1HGCV2F97MA010770,0
1HGCV1F31KA147996,0
1HGCR2F83EA001500,1
1HGCV1F10LA117162,1
1HGCV1F19MA000035,1
1HGCV1F33KA005262,1
1HGCV1F99JA005415,0
1HGCV1E34LA029430,1
1HGCV1F10KA019733,0
1HGCR2F33HA160994,0
1HGCV1F34KA136815,0
1HGCV1F44LA075265,0
1HGCR3F98HA045592,0
1HGCP2F6XBA101903,0
1HGCV1F13LA040559,0
1HGCV1F10JA102075,0
1HGCV1F30MA034608,0
1HGCV1F48MA038205,0
1HGCV1F19NA041959,0
1HGCT2B8XHA000663,0
1HGCV1F44JA205607,0
1HGCR2F3XDA171579,0
1HGCR2F82HA145575,1
1HGCV1F38JA130417,0
1HGCR2F34EA015099,0
1HGCV2F98JA017237,0
1HGCV1F51NA022339,0
1HGCV1F30JA128726,0
1HGCV1F37MA096667,0
1HGCR3F88FA013987,0
1HGCM56807A179724,0
1HGCR2F32HA221090,0
1HGCV1F38MA118689,1
1HGCP3F83BA029630,1
1HGCV1F35LA106112,0
1HGCV1F55KA156704,1
1HGCV1F46NA043002,1
1HGCV1F11KA114284,0
1HGCV3F25NA043180,0
1HGCV1F41LA127600,0
1HGCV1F57LA093350,0
1HGCV1F42NA000311,0
1HGCV1F41NA033171,0
1HGCV1F41MA093837,0
1HGCV1F4XMA121523,0
1HGCV2F37MA033168,0
1HGCV1F4XNA069408,0
1HGCV2F32MA027973,0
1HGCV3F24NA010560,0
1HGCV3F58NA019045,0
1HGCP2F86CA030587,0
1HGCV1F51LA005098,0
1HGCV1F10JA133682,0
1HGCV1F50JA038753,0
1HGCV1E36JA243204,0
1HGCV1F33MA067232,0
1HGCV1F18MA023564,0
1HGCR2F80EA211021,1
1HGCR2E11HA025318,0
1HGCV1F35JA267802,0
1HGCR2F79GA223338,0
1HGCV1F43MA115482,0
1HGCV2F34MA021804,0
1HGCV1F37KA177665,1
1HGCV1F19LA124420,0
1HGCV3F24NA010378,1
1HGCV1F13KA114335,0
1HGCV3F58NA021250,0
1HGCV1F59JA138950,0
1HGCR2F39FA156963,0
1HGCV1F37LA078751,0
1HGCV2F50JA016063,0
5KBCP3F89BB002486,0
1HGCR2F58EA178520,0
1HGCV1F16LA130661,0
1HGCV1F1XMA092921,0
1HGCV1F30MA076485,0
1HGCV1F12JA050173,0
1HGCV1F30JA207037,0
1HGCV1F36MA063398,1
1HGCV1F38NA002796,1
1HGCR2F31EA012368,0
1HGCP2F32CA168227,0
1HGCT1B86FA004300,0
1HGCT1B71HA009060,0
1HGCR2F57EA073533,0
1HGCV2F93KA024985,1
1HGCR2F80HA150421,0
1HGCT2B88FA007592,0
1HGCV1F34JA096699,0
1HGCV2F37KA008767,0
1HGCV1F30LA139261,0
1HGCV1F43NA020423,0
1HGCV1F40NA063018,0
1HGCV2F31MA018598,0
1HGCV2F33MA033121,0
1HGCV2F94MA030099,0
1HGCV3F51NA002538,0
5KBCP3F8XBB001945,0
1HGCR2F88DA040100,0
1HGCR2F39FA035768,0
1HGCR2F8XDA096054,0
JHMCP26328C041390,0
1HGCR2F87FA050488,0
1HGCV1F35LA025367,1
1HGCV1F1XLA002682,0
1HGCV2F91JA020013,0
1HGCV1F48JA109656,0
1HGCR2F84FA087840,0
1HGCV1F35NA026246,0
1HGCV1F31MA045388,0
1HGCV1F30MA026265,0
1HGCV1F12LA130088,0
1HGCV1F59KA041426,0
1HGCV1F3XMA078017,0
1HGCR6F55FA009497,0
1HGCR2F35EA054543,0
1HGCV1F4XMA037122,1
1HGCP2F36CA168103,0
1HGCV2F30KA011848,0
1HGCT2B85HA004586,0
1HGCR2F3XDA116694,0
1HGCV1F14LA078592,0
1HGCV1F41LA118170,0
1HGCV1F38LA091718,0
1HGCV1F31NA052603,0
1HGCV1F34LA026820,0
JHMCR6F72HC017059,0
1HGCP36809A027392,0
1HGCR3F83GA002994,0
1HGCV2F93MA009941,0
1HGCR6F32EA009910,0
1HGCV1F45LA045367,0
1HGCR3F88EA006939,0
1HGCP2F86CA146727,0
1HGCR2F57GA239360,0
1HGCV3F97KA014191,0
1HGCR2F38GA097034,0
1HGCV1F34JA216968,1
1HGCV1F31MA086491,0
1HGCV1F35MA055616,0
1HGCR3F96HA017614,0
1HGCV1F39MA060771,0
1HGCV2F67JA040496,0
1HGCV2F33MA016898,0
1HGCV2F31MA033120,0
1HGCV3F29NA015527,0
1HGCV1F53MA122134,0
1HGCV1F53KA023536,0
1HGCV2F34LA013362,0
1HGCV3F54NA024825,0
1HGCV1F41NA066459,0
1HGCV1F18KA167192,0
1HGCV1F3XNA017039,0
1HGCV3F9XKA013424,0
1HGCR2F31FA005177,0
JHMCP26788C006775,0
1HGCP26379A059657,0
1HGCV3F96NA011030,1
1HGCV1F47LA118156,0
1HGCR2F32HA102293,0
1HGCV1F37LA062470,0
1HGCR2F97GA138127,0
1HGCT2B80DA007065,0
1HGCP2F30CA016995,0
1HGCV1F31LA134585,0
1HGCV1F15KA064411,0
1HGCV1F47JA037848,0
1HGCV1F17JA160815,0
1HGCM66587A030702,0
1HGCR3F87FA005640,0
1HGCV2F35JA047307,0
1HGCV1F32LA017596,0
1HGCV2F95JA035226,0
1HGCV3F20NA028313,0
1HGCR2F57HA081698,0
1HGCV1F33JA143480,0
1HGCT1B86HA006759,0
1HGCV1F16MA005872,1
1HGCV3F1XMA017762,0
1HGCV1F35LA039284,0
1HGCV1F38MA067128,0
1HGCV1F57NA009837,0
1HGCR3F87HA008220,0
1HGCV1F57MA087050,0
1HGCV1F53KA082487,0
1HGCV3F18KA011648,0
1HGCP26388A115037,0
1HGCP25309A130280,0
1HGCP2F62CA112623,0
1HGCR3F85DA032915,0
1HGCR2F30EA169437,0
1HGCV1F12JA206485,0
1HGCV1F18JA171144,0
1HGCR2F56GA155837,0
1HGCR3F8XHA028736,0
1HGCR2F82EA074681,0
1HGCV1F34LA015042,0
1HGCV3F91KA009102,0
JHMCR6F75HC007934,0
1HGCV1F34KA060996,0
1HGCV1F39KA007856,0
1HGCV1F39LA138948,0
1HGCV3F16MA017810,0
1HGCV1F48MA034476,0
1HGCV1F42NA014158,0
1HGCV1F15KA025799,0
1HGCV1F34JA232507,0
JHMCP26499C008168,0
1HGCP26749A161100,0
1HGCR2F87EA158575,0
1HGCR2F17HA030506,0
1HGCR3F90GA004484,0
1HGCV1F19NA006810,0
1HGCV2F3XMA011942,0
1HGCV3F25NA009224,0
1HGCV3F27NA006731,0
1HGCV1F39JA202466,0
1HGCP2F32BA034977,0
1HGCV1F52JA064626,0
1HGCV1F39KA171866,0
1HGCS22858A001089,0
1HGCP26889A034293,0
1HGCR2F89EA059689,0
1HGCV2F31LA010726,1
1HGCR2F72HA239527,0
1HGCR2F5XGA076798,0
1HGCV2F39MA027033,1
1HGCV1F39JA233328,0
1HGCV1F10MA015068,0
1HGCV1F3XLA044187,0
1HGCV1F30LA061581,0
1HGCV1F36MA079228,0
1HGCV1F39MA061869,0
1HGCV1F32NA000249,0
1HGCV1F35KA081856,0
1HGCV1F39NA010695,0
1HGCV1F34MA079423,0
1HGCR2F77GA045722,0
1HGCV1F30JA133294,0
1HGCV1F13LA102459,0
1HGCV1F56LA075499,0
JHMCP26308C052467,0
1HGCR2F8XGA195848,0
1HGCR2F89HA223060,0
1HGCR2F73GA105947,0
1HGCP26849A061412,0
1HGCV1F11LA069770,0
1HGCT1B89EA014639,0
1HGCV1F4XNA047019,0
1HGCV3F18MA013175,1
1HGCV1F17MA041330,0
1HGCV3F97MA013478,1
1HGCV2F39JA035709,0
1HGCR2F56EA047294,0
1HGCV1F57MA078557,0
1HGCR2F78GA233813,0
1HGCV2F99KA034789,0
1HGCV1F15KA142394,0
1HGCV3F18MA014780,0
1HGCV2F93MA014864,0
1HGCV1F30KA074166,0
1HGCV1F3XLA050703,0
1HGCV1F3XMA081807,0
1HGCV1F39MA085590,0
1HGCR2F52HA070592,0
1HGCR2F35EA119455,0
1HGCR2F85GA048448,0
1HGCV1F1XJA128313,0
1HGCV3F17KA003184,0
1HGCV2F31MA024224,0
1HGCV1F19JA076298,0
1HGCV1F55MA110728,0
1HGCV1F32MA080599,0
1HGCR2F57GA137170,0
1HGCV3F93MA003563,0
1HGCR3F80EA030653,0
1HGCR3F83GA001893,0
1HGCV1F17MA116902,1
1HGCT1B81GA008918,0
1HGCR2F3XFA259020,0
1HGCV2F35MA028230,0
1HGCS22818A013109,0
1HGCR3F80FA008508,0
1HGCR2F75HA270156,0
1HGCV2F32NA002928,0
1HGCM56317A189912,0
1HGCV3F12MA018789,0
1HGCV2F90MA018306,1
1HGCP2F66CA125679,0
1HGCR2F37EA305532,0
1HGCV1F48NA077152,1
JHMCR6F74HC030007,0
1HGCR6F56EA001178,0
1HGCV1F52JA181090,0
1HGCR2F30GA113615,0
1HGCV3F96NA001114,0
1HGCV2F92LA003840,0
1HGCP2F65CA228334,0
1HGCR2F31DA199514,0
1HGCR2F86EA050769,0
1HGCM56727A215825,0
1HGCV1F45MA038081,0
1HGCR2F35HA208236,0
1HGCR2E77GA005724,0
1HGCT1B36DA019672,0
1HGCV1F1XKA150698,0
1HGCR2F89HA040516,0
1HGCV1F11LA085855,0
JHMCM56337C012991,0
1HGCM56306A040471,0
1HGCP2F6XCA116824,0
1HGCP26429A041639,0
1HGCR3F05HA002507,0
1HGCV1F32LA038951,0
1HGCR2F84DA103208,0
1HGCV1F17KA174909,0
1HGCV1F13LA121285,0
1HGCV3F24NA024653,0
1HGCR2F86EA181992,0
1HGCP2F70CA092493,0
1HGCV1F47LA125205,0
5KBCP3F81AB013190,0
1HGCR2F32EA165583,0
1HGCP36859A037500,0
JHMCP26398C055030,0
1HGCG327XXA010271,0
1HGCR2F88DA096716,0
1HGCV2F92KA035556,0
1HGCP2F46AA153610,0
1HGCT1B75GA005608,0
1HGCV1F11JA085738,0
1HGCR2F8XHA143654,0
1HGCR2F3XEA264202,0
1HGCR2F76FA101843,0
1HGCS12889A008033,0
1HGCR2F56EA144916,0
1HGCV1F15MA066226,0
1HGCV1F34MA064016,0
JHMCM564X4C015567,0
1HGCM66526A036803,0
1HGCV2F97KA034578,0
1HGCV2F35MA033914,0
1HGCV1F31KA027924,0
1HGCR2F74FA114235,0
1HGCV1F34MA017200,0
1HGCV1F19LA078989,0
1HGCV1F31MA046959,0
1HGCV1F36MA109294,0
1HGCR2F81FA180881,0
1HGCV1F13KA071972,0
1HGCM66827A039955,0
1HGCV3F17JA002311,0
1HGCP3F81AA018303,0
1HGCV1F35MA101008,0
1HGCR3F88DA043715,0
1HGCP2F48CA218542,0
1HGCS2B86BA008639,0
1HGCR3F98HA027920,0
1N4BL4DV8NN390519,1
1N4BL4BV0NN368940,1
1N4BL4EW6KC216771,0
1N4BL4CV7MN356121,0
1N4BL4EV2MN301007,0
1N4AL3AP6HC296182,0
1N4BL4BVXMN387154,1
1N4BL4EW9NN413409,1
1N4BL4CV6KC114607,0
1N4AL4FV3LN310520,0
1N4BL4CV3LC275238,0
1N4AL4FV0LC158921,0
1N4BL4FW7MN315928,0
1N4BL4FW5MN316267,0
1N4BL4BV7LN305105,0
1N4AL3AP4GC141242,0
1N4AL3AP4GC277449,0
1N4BL4FV7KC204134,0
1N4BL4BV3NN421792,0
1N4BL4FW5MN305141,0
1N4BL4CV3KC218634,0
1N4BL4DV6MN345304,0
1N4BL4EVXMN345935,0
1N4BL4FW9NN358085,0
1N4BL4CV1NN415021,1
1N4BL4BV4MN422156,1
1N4AL2AP7CN423626,0
1N4BL4DV9NN357075,0
1N4BL4DV1MN336865,0
1N4BL4DV9MN341229,0
1N4BL4BV7LC140765,0
1N4AL3AP4GC109889,0
1N4BL4DV5PN309530,0
1N4BL4CV2PN305226,0
1N4BL4EW7LN306257,1
1N4BL4FV6LN309947,1
1N4BL4CV6KC180235,0
1N4AL3AP7JC297427,0
1N4BL4BV0NN374270,0
1N4BL4CW8LC218414,0
1N4BL4DW4NN345750,0
1N4AL3AP9FC456374,0
1N4BL4DV5NN376545,0
1N4BL4CV2MN375580,0
1N4AL3AP0JC225050,0
1N4BL4BV2LC153665,1
1N4AL3AP2JC240813,0
1N4BL4CV3LN318819,0
1N4BL4DV4LC150540,0
1N4BL4FV4KC219576,0
1N4BL4BV4LN319964,0
1N4BL4BV8NN318089,0
1N4BL4EV0MN382606,0
1N4BL4BV2LC197634,1
1N4BL4FW4MN350958,0
1N4AL3APXJC227954,0
1N4AL4FV5KC102617,0
1N4BL3AP2GC218355,0
1N4BL4CV9KC189592,0
1N4BL4BV8MN381238,0
1N4BL4DV1MN338258,0
1N4BL4CV9LN302088,1
1N4BL4CV0MN358017,1
1N4BL4CVXMN325557,1
1N4BL4CV0MN369227,0
1N4BL4FV0LC182768,0
1N4BL4FV0LC146997,0
1N4BL3AP9HC133630,0
1N4AL3AP9JC212054,0
1N4BL4DW1LC252483,0
1N4BL4BV1KC184775,0
1N4BL4BV0MN364787,1
1N4BL4CV9NN354887,1
1N4BL4DV1PN313736,1
1N4BL4BV4KC111688,0
1N4AL3AP4JC130703,0
1N4AL3AP2GC160517,0
1N4BL4DV0MN369324,0
1N4BL4DV2MN356770,0
1N4BL4BV0NN343214,0
1N4BL4DV3MN366708,0
1N4BL4BV0MN377569,0
1N4BL4BV5MN403504,0
1N4AL3AP0FC266057,0
1N4BL4CVXKN312594,1
1N4BL4DV3MN337807,0
1N4BL4CW8KC171223,0
1N4BL4FV1KC107625,0
1N4AL3AP9EN334813,0
1N4BL3AP0EC104707,0
1N4BL4BV2KN310274,0
1N4BL4BV7LC252269,1
1N4AL3AP2HC252213,1
1N4BL4DV7MN401525,1
1N4BL4DV9MN317383,1
1N4BL4EV3LC160233,0
1N4BL4DVXMN336699,0
1N4BL4DV3NN332429,0
1N4BL4CV4MN375984,0
1N4BL3AP4HC114225,0
1N4AL3AP2GC171663,0
1N4BL4BV1MN401992,0
1N4BL4DV9NN386835,0
1N4BL4CV1NN317283,1
1N4BL4BVXLC242237,0
1N4BL4CV2MN374283,0
1N4AL3AP7EN228828,0
1N4BL4DV4MN365874,0
1N4BL4EVXLC120148,0
1N4BL4EV3LC121352,0
1N4BL4CV5NN356491,0
1N4BL4CV1MN347611,0
1N4BL4BV2NN305645,0
1N4AL3AP9JC291161,0
1N4BL4BV4NN313858,0
1N4BL4BV7KN313395,0
1N4BL4BV4MN391779,0
1N4BL4DWXNN310940,0
1N4AL2AP4CN492628,0
1N4AL3AP1JC272538,0
1N4BL4FV4LC119446,0
1N4BL4CV2MN377362,0
1N4BL4DV4MN363705,0
1N4AL3AP2JC235949,0
1N4AL3AP5HN320945,0
1N4BL4BV5LC239679,0
1N4BL4BV4MN370446,0
1N4AL4CV9MN355564,0
1N4AL21E27N424395,0
1N4AL3AP3HC258313,0
1N4BL4DV9NN357500,0
1N4BL4DV0NN345963,0
1N4BL4BV5MN389426,0
1N4BL4CV5MN309816,0
1N4BL4CV3LC231028,0
1N4BL4BV0MN339095,0
1N4BL4EV9NN332725,0
1N4BL4CV3NN324283,0
1N4BL4EV1PN317882,0
1N4BL4CW9KN317729,0
1N4AL3AP7HC499078,0
1N4BL4BV8KN309646,0
1N4BL4BV1KC106674,0
1N4BL4BV2LN315928,1
1N4BL4DV2MN357949,0
1N4BL4CVXNN346569,0
1N4AL3AP1JC229513,0
1N4BL4BVXLC154028,0
1N4BL4BV7LC225475,0
1N4BL4DV0MN310435,0
1N4BL4CV3MN363275,0
1N4AL3AP0HC160971,0
1N4BL4CV8NN367856,0
1N4BL4BV9LC250748,0
1N4BL4DVXMN389628,0
1N4BL4FV9LN300692,0
1N4AL21EX9N549020,0
1N4AL3AP7JC165252,0
1N4BL4BV2LC238831,0
1N4AL3AP4GN346211,0
1N4AL3APXHC492321,0
1N4BL4BV4LC225157,0
1N4BL4BV9MN386772,0
1N4BL4BV3LC141363,0
1N4BL4BV4KC227148,0
1N4BL4BV3LC213646,0
1N4BL4DV9LC254831,0
1N4BL4CV9LC235388,0
1N4BL4CV0LC211724,0
1N4BL4BV3LC145994,0
1N4BL4DV2MN324286,0
1N4BL4CV9MN314064,0
1N4BL4DW8NN309835,0
1N4BL4BV8LC242821,1
1N4BL4EV5LC154384,0
1N4BL4DV9NN300424,0
1N4BL4BV3KC191856,0
1N4AL3AP2GC125525,0
1N4AL3AP0FC284526,0
1N4BL4DV3MN353358,0
1N4AL3AP4HC154235,0
1N4AL3AP7GN341701,0
1N4AL3AP9HC291395,0
1N4AL3AP5HC248544,0
1N4AL3AP4JC115053,0
1N4AL3AP1JC165022,0
1N4BL4BV6LC136206,0
1N4BL4BVXLC157950,0
1N4BL4BV2LC195009,0
1N4BL4BV6LC207811,0
1N4AL4FV2LC155132,0
1N4BL4CV1PN346138,0
1N4BL4CV7MN374876,0
1N4BL4BV4NN319174,0
1N4BL4BV7NN315362,0
1N4BL4CV0NN324984,0
1N4BL4FW6LC135186,0
1N4AL3AP0JC274054,0
1N4AL3AP9HN307082,0
1N4AL3AP2HC271425,0
1N4AL3AP1DN450764,0
1N4BL4BV3LC284362,0
1N4AL3AP6JC104362,1
1N4AL3AP6JC204414,0
1N4BL4CV3KN318138,0
1N4BL4CV5NN329615,0
1N4AL3AP1FN329039,0
1N4BL4BV1LC150952,0
1N4BL4BVXLC153770,0
1N4BL4BV2LC127860,0
1N4BL4BV9LC212551,0
1N4BL4BV2LC199674,0
1N4BL4BVXLC212817,0
1N4AL3APXGC282459,0
1N4AL3AP9FC197787,0
1N4BL4CV4NN309727,0
1N4AL3AP8FN352849,0
1N4BL4CV3LN311191,0
1N4BL4BV0LC241503,0
1N4BL4CV3LN310610,0
1N4BL4CV0LC237921,0
1N4AL4CV7KC252734,0
1N4BL4DV8NN354734,0
1N4AL3AP9GN344387,0
1N4AL3AP0HN341797,0
1N4BL4CV3LC275353,0
1N4AL3APXJC298779,0
1N4AL3APXHN348711,0
1N4BL4EV0LC158455,0
1N4BL4BV5MN367216,0
1N4AL3AP9GN339352,0
1N4AL11DX6N394322,0
1N4AL3AP6HC489447,0
1N4BL4BV5NN366469,0
1N4BL4BV9KC136702,0
1N4AL4FV9KC101471,0
1N4BL4BV3LC250096,0
1N4BL4BVXKC255391,0
1N4AL3AP3DN542510,0
1N4AL3AP1GN374693,0
1N4AL3AP7DN447030,0
1N4AL3AP1FC498764,0
1N4BL4BV8LC251356,0
1N4AL24E49C131088,0
1N4AL4FV2LC142025,0
1N4AL3AP1GN321850,0
1N4AL3AP1HC487119,1
1N4AL3AP1HC161238,0
1N4BL4CVXKC172963,0
1N4AL3AP6FC460480,0
1N4BL4BVXLC242948,0
1N4BL4DVXMN364504,0
1N4AL3AP8DN483597,0
1N4AL3AP7EN380043,0
1N4AL3AP7JC287142,0
1N4BL4CV6NN403625,0
1N4AL2AP0AN491196,0
1N4AL3APXGC259182,0
1N4AL3AP6JC193981,0
1N4BL4CV3KN308550,0
1N4AL3AP2JC141151,0
1N4BL4BV7LC134559,0
1N4AL3AP0GN321208,0
1N4AL3AP1FC580686,0
1N4BL4CV6LC185386,0
1N4BL4DVXKC210559,0
1N4BL4DV9NN308720,0
1N4AL3AP1HC122620,0
1N4AL3AP1HC135450,0
1N4AL3AP8HC247260,0
1N4AL3AP6FN863248,0
1N4BL4BV2LC222788,0
1N4AL3AP7JC180169,0
1N4AL2AP8CN487156,0
1N4AL3AP2JC111860,0
1N4BL4BV6LC129031,0
1N4AL3APXFC409998,0
1N4AL2EP7DC156544,0
1N4AL3AP9HC179339,0
1N4AL2EP8DC180254,0
1N4AL3AP0HC216455,0
1N4AL2AP0CN530582,0
1N4AL21E79N435931,0
1N4AL2AP9CN410389,0
1N4AL3AP0EC204589,0
1N4AL3AP9DN470857,0
1N4BL4CV7NN310418,0
1N4BL4BV4MN347698,0
1N4BL4BV5MN376000,0
1N4AL21E67C197479,0
1N4AL2AP1AN539224,0
1N4BL4BV2NN368213,0
1N4BL4BV2NN418818,0
1N4AL3AP4GC159028,0
1N4AL3AP8FN309886,0
1N4AL21E68C156884,0
1N4AL3AP0HC140462,0
4T1K61AK3NU618986,0
4T1G11AK3LU906895,0
4T1G11AKXNU668417,0
4T1C11AK4LU908458,0
4T1F11AK8LU888390,0
4T1S11AKXPU094625,0
4T1S11AKXPU094673,0
4T1G11AK5LU902038,0
4T1F11AK5LU879808,0
4T1K61AKXLU933023,1
4T1K61AK4LU503066,0
4T1C11AK9MU433214,0
4T1K61AK8PU724451,0
4T1BF1FK1DU663075,0
4T4BE46K48R035205,0
4T1B61HK6KU751498,0
4T1B11HK6KU259486,0
4T1G31AK6LU543891,0
4T1BK1FK7CU016156,0
4T1C11AK9LU936014,0
4T1B11HK6KU291631,0
4T1G11AK0NU058977,1
4T1C11BKXMU031247,0
4T1C11AK7PU732317,0
4T1F11AK5LU890811,0
4T1C11AK5PU112646,0
4T1K61AKXLU994243,0
4T1G11AK5PU089760,0
4T1T11AK3PU105372,0
4T1K61AK6NU032041,0
4T1C11AK0NU638261,0
4T1KZ1AK1PU076555,0
4T1BF1FK0GU145897,0
4T1B11HK1JU663021,0
4T1BE46K69U866023,0
4T1G11AKXMU603744,0
4T1K61AK2MU437988,0
4T1K61AK0MU489328,0
4T4BF1FKXGR524721,0
4T1G11AK1LU904935,0
4T1BF1FK3DU638145,0
4T1BZ1HK4KU023878,0
4T1BD1FK7HU218920,0
4T1B61HK1JU053864,1
4T1G11AK0MU592592,0
4T1G11AK6NU648553,1
4T1K61AK4PU084996,1
4T1B21HK4JU504118,0
4T1B61HK9KU751138,0
4T1K61AK8LU502146,0
4T1K61AK5NU074944,0
4T1B31HK2JU502977,0
4T1G11AK6MU474014,0
4T1K61AK0PU102605,0
4T1K61AK7LU383411,0
4T1M11AK0LU883417,0
4T1C31AK4LU533780,0
4T1BF1FKXEU324073,0
4T1BK1FKXFU566133,0
4T1B21HK9JU008585,0
4T1K61AK2MU567284,0
4T1G11AK1MU410916,0
4T1K61AK7NU003969,0
4T1B61HK6KU261370,0
4T1K61AK4MU574558,0
4T4BF3EK4AR086833,0
4T1G11AK1NU673845,1
4T1M11AK1LU894149,0
4T1K61AK2LU384224,0
4T1G11AK3PU761542,0
4T1BB46K29U094306,0
4T1G11AK0NU038356,0
4T1G11AK5NU075127,0
4T1K61AK0NU717720,0
4T1KZ1AK1MU051103,0
4T1K61AK9NU031997,0
4T1G11AK8PU115980,0
4T1K61AK2MU551845,1
4T1BF1FKXEU759661,0
4T1G11AK8LU374074,0
4T1BF1FK4FU059412,0
4T1BZ1HK0KU028981,0
4T1G11AK8LU365634,0
4T1C11AK9MU466567,0
4T1T11AK8NU619862,0
4T1K61AK9LU338843,0
4T1G11BK2NU072703,0
4T1K61AK2NU011011,0
4T1B11HK4JU672814,0
4T4BF3EK9AR059336,0
4T1T11AK6MU564794,0
4T1C11AK0LU996666,0
4T1G11AKXPU727694,0
4T1G11AK3PU126451,0
4T1B11HK2KU273336,1
4T1BF1FK0HU767787,0
4T1BF1FKXHU425862,0
4T1K61BK6MU024003,0
4T1K61AK8MU467237,0
4T1G11AK6MU570841,0
4T1K61AK9MU432819,0
4T1B11HK2KU219700,0
4T1G11AK4MU549129,0
4T1C11AK1NU626720,0
4T1C31AK9PU603277,0
4T1G11BK7PU081366,0
4T1G11BK2NU055433,0
4T1K61AK4MU487923,0
4T1K61AK5NU705675,0
4T1F11BK8PU073336,0
4T1KZ1AK2NU061270,0
4T1K61BK8LU018069,0
4T1BF1FK1GU564485,0
4T1B11HK4KU855003,0
4T1B61HK7JU126672,0
4T1BD1FK3FU151553,0
4T4BF1FK9ER374310,0
4T1C11AKXMU582604,0
4T1C11AKXLU502491,0
4T1K61AK5NU013948,0
4T1B11HK3JU017723,0
4T1KZ1AK0PU072495,0
4T1B11HK9KU831103,0
4T1C11AK2LU364378,1
4T1BF1FK6CU636274,0
4T1B11HK2KU201603,0
4T1B61HK4JU029364,0
4T1K61AK7LU505670,0
4T1G11AK9NU057892,0
4T1S31AK3PU047060,0
4T1G11AK6MU424410,0
4T1BF1FK5FU937459,0
4T1C11AK3MU439591,0
4T1G11AK2MU467433,0
4T1C11AK2MU443017,0
4T1C11AK9MU575420,0
4T1G11AK7MU468674,0
4T1G11AK6MU458377,0
4T1G11AK2MU586874,0
4T1T11AK7NU669698,0
4T1G11AK2MU573302,0
4T1C11AK0LU370373,0
4T1K61AK8MU601812,0
4T1G11AK1NU036003,0
4T1K61AK0NU015266,0
4T1F11AK1NU009119,0
4T1K61AK9NU030400,0
4T1K61AK4NU041000,0
4T1BF1FK3CU544801,0
4T1BF1FK3EU304215,0
4T1G11AK6PU079741,0
4T1F31AK6PU601046,0
4T1BF1FK4CU118860,0
4T1C11AK8LU335743,0
4T1G11AK5MU425242,0
4T1C11AK5NU664967,0
4T1K61AK6NU027504,0
4T4BF1FK3FR509220,0
4T1BF1FK4GU209262,0
4T1G11AK0LU382394,0
4T1C11AK2NU618531,0
4T1G11AK1NU629358,0
4T1G11AK0NU635913,0
4T1G11AK7NU009078,0
4T1KZ1AKXLU045928,0
4T1F31AK8LU014017,0
4T1G11AK3PU742912,0
4T1K61AK7MU410124,0
4T1F31AK3MU560774,0
JT2BG22K1X0379608,0
JTNB11HK3J3051053,0
4T1K61AK7LU359626,0
4T1F31AK9LU542956,0
4T1B11HK7KU188301,0
4T1C11AK8MU439652,0
4T1C11AK9MU556463,0
4T1G11AK3MU441990,0
4T1G11AKXMU423941,0
4T1G11AK1MU469514,0
4T1G11AK7MU472529,0
4T1G11AK6MU515936,0
4T1C11AK6MU511769,0
4T1C11AK3MU467634,0
4T1G11AK7MU562022,0
4T1G11AK9NU621234,0
4T1KZ1AK1NU060515,0
4T1KZ1AK3NU062511,0
4T1K61AK7LU936493,0
4T1BK1FK7DU021472,0
4T1C11AK2PU723413,0
4T1R11AK4PU089211,0
4T1B61HK4KU833715,0
4T1KZ1AK2MU054639,0
4T1K61AKXNU053877,0
4T1K61AK5NU062289,0
4T1BF1FK6EU748608,0
4T1K61AK4MU543326,1
4T1C11AKXMU455464,0
4T1C11AK2NU617590,0
4T1C11AK1NU619346,0
4T1C11AK2NU004398,0
4T1G11AK8NU618552,0
4T1R11AK0NU674915,0
4T1G11AK4PU728744,0
4T1B11HK0JU504717,0
4T1C11AK3MU467519,0
4T4BF1FK4ER420819,0
4T1G11AKXLU357051,0
4T1C11AK0MU573362,0
4T1BF1FKXEU862630,1
4T1B11HK2JU102519,0
4T1G11AK3LU355545,0
4T1K61AK9NU035645,0
4T1C11AKXMU491610,0
4T1C11AK1MU470886,0
4T1K31AK6NU585460,0
4T1G11AK0PU719913,0
4T1G11AKXLU358717,0
4T1BF1FK8HU710589,0
4T1C11AKXMU453990,0
4T1B11HKXKU773938,0
4T1G11AK9NU052515,0
4T1BK46K47U510210,0
4T4BF1FK2FR469244,0
4T1B11HK4KU287125,0
4T1B11HK1KU278785,0
4T1R11AK4PU103267,0
4T1G11AKXNU716420,0
4T1T11AK7NU625667,0
JTNB11HK3J3043356,0
4T1B11HK9JU151197,0
4T1BF1FK1EU770323,0
4T1G11AK5LU342599,0
4T1G11AKXLU345062,0
4T1BF1FKXCU069583,0
4T1G11AK3NU075014,0
4T1G11AK0MU585979,0
4T1B11HK4JU645998,0
4T1B21HK1KU514672,0
4T1BZ1HK9JU506460,0
4T4BF1FK3ER381074,0
4T1BE46K49U864528,0
4T4BE46K28R040760,0
4T1BF1FK4HU713361,0
4T1B11HK0JU514387,0
4T1BF1FK4HU695914,0
4T1C11AK6MU467062,0
4T1B11HK2KU754364,0
4T1G11AKXMU555341,0
4T1G11AKXMU574942,0
4T1C11AK6NU001407,0
4T1G11AKXMU438147,0
4T1G11AK7MU539498,0
4T1G11AK6NU637701,0
4T1G11AK2NU012275,0
4T1G11AK2MU467853,0
4T1G11AK3NU011863,0
4T1T11AK5NU637445,0
4T1G11AK4LU359409,0
4T1G11AKXNU639953,0
4T1G11AK2NU665673,0
4T1C31AK6NU597578,0
4T1G11AK3MU591145,0
4T1C11AK9MU555331,0
4T1C11AK4MU556564,0
4T1C11AK4MU457162,0
4T1C11AK7MU457446,0
4T1G11AK8MU573935,0
4T1C11AK0NU618818,0
4T1G11AK7MU586613,0
4T1G11AK1NU618151,0
4T1G11AK4NU618077,0
4T1G11AK6NU011209,0
4T1G11AK3LU333979,0
4T1KZ1AK4NU063876,0
4T1B11HK2KU679424,0
4T1G11AK4PU747360,0
4T1C11AK3NU499565,0
4T1G11AK7LU342393,0
4T1BF1FK3GU242866,0
4T1T11AK0PU081922,0
4T1F11BK9MU042088,0
4T1B61HK1JU124576,0
4T1BE46K99U857106,0
4T1K61AK0NU008656,1
4T1BF1FK3EU313609,0
4T1B11HKXJU576878,0
4T4BF1FK3CR266486,0
4T1B11HK8JU098170,0
4T1BF1FK2CU027294,0
4T1G11AK8LU943764,1
4T1G11AK7LU904910,1
4T1G11AK4LU318780,1
4T1G11AK9LU325742,1
4T1G11AK3LU325994,0
4T1BF1FK4HU777528,0
4T4BF1FK4DR313462,0
4T1G11AK1LU343779,0
4T1BK1FK1CU510755,0
4T1BF1FK2HU677198,0
4T1B11HK1JU615289,0
4T1BF1FK2GU204058,0
4T1BF3EK2BU690991,0
4T1M11AK2LU911072,0
4T1C11AK1NU645493,0
4T1G11AK6NU655177,0
4T1G11AK6NU641926,0
4T1K61AK5PU732975,0
4T1K31AK1MU029717,0
4T1G11AK3MU573826,0
4T4BF1FK8DR328496,0
4T1G11AK4MU586004,0
4T1BE46K39U358849,0
4T1G11AK1MU491058,0
4T1C11AK9LU904194,0
4T1C11AK0LU921658,0
4T1B11HK5JU618521,0
4T1BF1FK8GU555623,0
4T1B11HK8KU855943,0
4T1G11AK0NU673769,0
4T1B11HKXJU515238,0
4T1B11HK8KU239417,0
4T1BF1FKXGU187302,0
4T1B11HK0JU041347,0
4T1G11AK6MU529674,0
4T1BF1FK5HU357583,0
4T1K61AK3NU053204,0
JTNB11HK5J3001383,0
4T1BK3EK1AU602796,0
4T1G11AK7LU949328,0
4T1M11AK4LU391862,0
4T1C11AK7LU920037,0
4T1M11AK2LU917759,0
4T1G11AK9LU903094,0
4T1C11AK4NU642491,0
4T1K61AK6LU887285,0
4T1BF1FK2FU018471,0
4T1BF1FK0HU709839,0
4T4BF1FK0DR306735,0
4T1BF1FK5HU281816,1
4T1BF1FK9FU925508,0
4T1B61HK1KU294406,0
4T1BF1FK7CU180706,0
4T1G11AK4LU918022,0
4T1BF1FK1HU682232,0
4T1B11HK0JU024273,0
JTNB11HK6J3051046,0
4T1K61AK4NU021135,0
4T1L11AK6LU934236,0
4T1C11AK6LU924788,0
4T1C11AK6MU564486,0
4T1BK46KX9U590955,0
4T1G11AK2MU426560,1
4T1B11HK9JU077523,0
4T1BF1FK8HU620083,0
4T1BF1FK0HU758488,0
4T1K61AK7LU933559,0
4T1BF1FK9FU911558,0
4T1BF1FK1FU995388,1
4T1C11AKXLU319771,0
4T1KZ1AK3MU047604,0
4T1G11AKXLU923421,0
4T1C11AK6LU964708,0
4T1B11HK0JU060707,0
4T1B31HK7KU516486,0
4T1B61HKXKU711957,0
4T1F11AK8NU018285,0
4T1B11HKXJU063498,0
4T1B11HK8JU609120,0
4T1G11AK0NU035926,0
4T1G11AK3PU725253,0
4T1KZ1AK9NU064358,0
4T1BF1FK0DU661320,0
4T4BF1FK1FR483443,0
4T1B11HK2KU718240,0
JTNB11HK5J3031094,0
4T1BF3EK9AU561452,0
4T1B11HK5JU552021,0
4T1B21HK8JU503277,0
4T4BF1FK8CR242569,0
4T1K61AK6PU078455,0
4T1BF1FK8HU361174,0
4T1B61HKXKU234186,0
4T1BF1FK9GU213405,0
4T1BE46K87U042621,0
4T4BF3EK2AR074874,0
4T1C11AK9NU637349,0
4T1BE46K39U823517,0
4T1BF1FKXHU809396,0
4T1BF1FK9CU033335,0
4T1BF1FK0HU743490,0
4T1BF1FK3HU661849,0
4T1BK3EK9AU112686,0
4T1BF3EK9BU642629,0
4T1BK1FK4CU510054,0
4T1BF1FK1EU312376,0
4T1B11HK9JU023235,0
4T1BF3EK3AU034099,0
4T1BF1FK3FU017040,0
4T1K61AKXLU361337,0
4T1KZ1AK5NU069265,0
4T1BF1FK2EU809971,0
4T1BF1FK0EU828647,0
4T1B11HK0KU274341,0
4T4BF1FK3FR513803,0
4T1G11AK3LU332668,0
4T1G11AK9MU579114,1
4T1M11AK7LU319506,1
4T1B11HK7JU076127,0
4T1BF1FKXGU160021,0
4T1B61HK2KU294446,0
4T1G11AK5LU929286,0
4T1BF1FK3EU842154,0
4T1B11HK5KU243067,0
4T1B61HK5JU520302,0
4T1G11AK7MU470800,0
4T1G11AK7MU454161,0
4T1C11AK1LU348625,0
4T1B11HK4JU048849,0
4T1B11HK8KU799731,0
4T1F11AK9MU447725,0
4T1C11AK7LU944435,0
4T1C11AK3LU886078,0
4T1BF1FK5EU747241,0
4T1C11AK3LU345094,1
4T1BF1FK5HU633857,0
4T1BF1FK6DU721861,0
4T4BF1FK6DR322938,0
4T4BF1FK8GR516990,0
4T1G11AKXLU963420,0
4T1G11AK8LU330141,1
4T1B11HK6KU849462,0
4T1C11AK1MU587223,0
4T1C11AK0MU583986,0
4T1BF3EK2BU679215,0
4T1BF1FK5GU608312,0
4T1C11AK3LU939149,0
4T1G11AK4LU918084,0
4T1C11AK2MU593337,0
4T1C11AK2MU584606,0
4T1G11AK8MU588208,0
4T1G11AK5NU671676,0
4T1C11AK2PU739787,0
4T1G11AK7LU349621,0
4T1K61AK9LU893212,0
4T1B11HK6JU073784,0
4T4BF3EK4BR155456,0
4T1T11AK2PU091982,0
4T1B61HK7KU696379,0
4T4BF1FK1FR463600,0
4T1T11AK4PU086167,0
4T1BF1FK2EU443154,0
4T1F11BK8NU048174,0
4T1S11AKXPU733232,0
4T1BF3EK3AU510089,0
4T1G11AK9MU425146,0
4T1B11HK5KU275033,0
4T1C11AK2NU688434,0
4T1F31AK9LU009974,0
4T1G11AK6LU310101,0
4T1BF1FK1FU993270,0
4T1KZ1AK4NU067331,0
4T4BF1FK7DR332121,0
4T1K31AK6MU568849,0
4T1G11AK4MU439309,0
4T1G11AK7NU033641,0
1FTFW1E51MFC45833,0
1FTFW1RG3JFC88304,0
1FTEW1CP5JKC62606,1
1FTEW1CP6LKD30902,0
1FTEW1CG2FKE71972,0
1FTFW1E59MKE04444,0
1FTEW1CP2LKE36330,0
1FTEW1E50JKE87138,0
1FTFW1E50MFB64404,0
1FTFW1RG5LFC66369,0
1FTEW1CP6MFA33557,0
1FTEW1CP7LFA57218,0
1FTEW1EP4NFC15563,0
1FTEW1CP6NKE86456,0
1FTFW1ED1MFB36697,0
1FTEW1E47KKE31772,0
1FTEW1CP9NKD09030,0
1FTEW1CP4KKD44585,0
1FTEW1CP3KKE32320,0
1FTEW1CP1JKC40313,0
1FTFW1E82MFA69448,0
1FTEW1E44KFA69666,0
1FTEW1CP4KKE75614,0
1FTEW1EP0LFA37504,0
1FTEW1C58MKD98229,0
1FTEW1E50KFD24340,0
1FTEW1E4XKFC13835,0
1FTFW1E5XMKE69156,0
1FTFW1E54MFB16243,0
1FTEW1CP6JKF02181,0
1FTEW1CB8LKE04650,0
1FTEW1CP8KKC29567,0
1FTFW1R64BFC35734,0
1FTEW1E57KKC58912,0
1FTEW1E57KFC00193,1
1FTEW1C59NFA46609,1
1FTEW1CP0FKE59366,0
1FTFW1ED4MFC90899,0
1FTFW1E86NFB49630,1
1FTEW1E53KKE78595,0
1FTEW1C52LKF53520,0
1FTFW1RG0JFE46100,0
1FTEW1E49LFC41241,0
1FTFW1EF6EKD14629,0
1FTFW1RG9NFB87449,0
1FTEW1EP9KFD54843,0
1FTEW1CG3JKF52844,0
1FTEW1CP6KKF14509,0
1FTEW1C89FKD03528,0
1FTFW1E80NKE24190,0
1FTEW1E44LKD70401,0
1FTFW1E8XNFA79582,0
1FTEW1EP1KFC03883,1
1FTEW1CGXJFC63999,0
1FTFX1EG4JKC14111,0
1FTEW1CP1JKC32258,0
1FTEW1CP9JKD80402,0
1FTEW1CP3JKF73855,0
1FTFX1E43LKD13821,0
1FTFW1RG7PFA56121,0
1FTEW1CG2JKF52477,0
1FTEW1CP1JFD42963,0
1FTEW1C4XLKE25999,0
1FTEW1C56LKD25570,0
1FTEW1EPXJKE94857,0
1FTEW1E40KFA65226,0
1FTEW1C58LFA98262,0
1FTFW1E40LKD99060,0
1FTFW1E46KFD32230,0
1FTEW1CF7FKE82439,0
1FTEW1EF7FKD04995,0
1FTEW1CP9KKE90268,0
1FTEW1CP3GKF39164,0
1FTFW1RG4JFD38689,0
1FTEW1C8XHKE10588,0
1FTEW1EP4KFC83390,0
1FTEW1EP9LFB65630,0
1FTEW1CP9MFB09286,0
1FTEW1CP2MKD32809,0
1FTEW1CP0MKD32811,0
1FTEW1CP1MKD55272,0
1FTEW1CP5KFA13703,1
1FTEW1E46KFC84403,1
1FTEW1E47LFB56169,0
1FTEW1EP2LFB45980,1
1FTEW1EP2MKE27187,1
1FTEW1C56MFB61585,1
1FTFW1E85NFB31023,0
1FTEW1E45KFA79316,0
1FTFW1E50NFB99090,0
1FTEW1CP7FFA54856,0
1FTFW1RGXNFC44628,0
1FTFW1ED3MFC79196,0
1FTFW1E51MFB31122,1
1FTEW1EP2LFB18827,0
1FTEW1EP0LFA47529,0
1FTEW1EP6LFB71370,0
1FTEW1E4XKKE45777,0
1FTEW1E52LFB08314,0
1FTFW1RG0NFA84159,0
1FTEW1E58LKD78543,0
1FTEW1EP7GFC66140,0
1FTEW1E44KKE34127,0
1FTFW1E51MKE47773,1
1FTFW1E84MFA45832,1
1FTEW1CG3GFB50646,0
1FTEW1CP2LFC58265,0
1FTFW1E8XNKE26402,0
1FTEW1EPXJKC57348,0
1FTFW1ED9NFA14381,0
1FTEW1C58NKD08109,0
1FTFW1RG0NFA04407,0
1FTFW1RGXNFC45021,0
1FTEW1EG4JFA40287,0
1FTEW1CP1GKF02744,0
1FTEW1E52LFB71137,0
1FTEW1E45KFB16669,0
1FTFW1RG2NFC43473,0
1FTFW1E5XMFB64362,0
1FTEW1EG0FKD76663,0
1FTFW1RG2KFA57928,1
1FTFW1ED6NFB56901,1
1FTEW1CP3JKF91448,0
1FTEW1EFXFFA42723,0
1FTFW1E5XNKD38584,0
1FTFW1RGXNFC21978,0
1FTFW1RG0NFB91924,0
1FTFW1E80NFA12070,0
1FTEW1EG9HFB76263,0
1FTFW1E51MFB96049,0
1FTFW1RG4HFA97615,0
1FTFW1RG7JFD38850,0
1FTEW1E56LFB48542,0
1FTVW1EL3NWG16535,0
1FTEW1C80AKB47310,0
1FTEW1EP6LKD68885,0
1FTEW1EP5JKF14478,0
1FTFW1E12KFB35965,0
1FTEW1E80NFC34782,0
1FTEW1CG1GFB63170,0
1FTEW1E48LFA38812,0
1FTFW1E10KFD32245,0
1FT6W1EV0NWG07667,0
1FTFW1RG7NFB95033,0
1FTFW1RG4NFB44749,0
1FTFW1RG8NFC25446,0
1FTEX1C52MKF10858,0
1FTFW1ET2DKE33332,0
1FTEW1CP4FKF15048,0
1FTFW1ED4MFA77614,0
1FTEW1CP5LKE86011,1
1FTFW1RG1KFA78074,1
1FTFW1RG7KFA12614,0
1FTEW1CP0JKD04552,0
1FTEW1EP7GKD28532,0
1FTEW1EF0HFC52282,0
1FTFW1E51MKD55451,0
1FTFW1RG8KFA86799,0
1FTEW1EG7FKE07553,0
1FTEW1C53JKE96404,0
1FTFW1E8XNKF23373,0
1FTEW1CP2LKF37657,0
1FTEW1E47KFB23476,0
1FTFW1E87NKD21140,0
1FTEW1CP8LKD74559,0
1FTEW1CP6NKD36945,0
1FTEW1EG6FFC92355,0
1FTEW1EP6GKE53134,0
1FTEW1EP9KKC59710,0
1FTMF1E54NKE36467,0
1FTEW1CP7LKD96066,0
1FTFW1E11JFD84353,1
1FTFW1RG1NFB81578,0
1FTMF1CB9LKF54035,0
1FTFW1E86MFC40797,0
1FTFW1E89MKE07502,0
1FTFW1E54MKE97566,0
1FTFW1E84NFB60416,0
1FTEW1CP1JKF74082,0
1FTFW1E52MKE47779,1
1FTEW1CP8MKE92399,0
1FTFW1E80NKD01408,0
1FTEW1CFXFKE01739,0
1FTEW1EP9MKD07743,1
1FTFW1E87NFA98915,1
1FTEW1EG3JFD23098,0
1FTEW1EF7HKC02406,0
1FTFX1EV1AKE43425,0
1FTEW1EP8LFB52464,0
1FTFW1RG4KFC19302,0
1FTFW1CT8EKD90426,1
1FTFW1RGXNFC32883,0
1FTEW1CP4LKF15272,1
1FTFW1E85NFB93263,0
1FTEW1C59MKD72870,0
1FTFW1E53NKD38488,0
1FTFW1RG4JFD38885,0
1FTEW1CP6GKD72850,0
1FTEW1EG6KFC97999,0
1FTEW1E89NFB01891,1
1FTFW1RG0NFA11504,0
1FTEW1E42KKC36811,0
1FTRW12W17KB55801,0
1FTEW1CP9KKC10218,0
1FTEW1CB4KKC43888,0
1FTEX1CP5KKC54200,0
1FTEW1E4XKKE32799,0
1FTEW1EGXJFA78784,0
1FTEW1CP3KKD81045,0
1FTEW1EP6LKE34612,0
1FTFW1RG3KFC86473,0
1FTFW1E55NKD95761,1
1FTEW1E49KKE13791,0
1FTNF1CF1EKF20858,0
1FTFW1CT8CFC88615,0
1FTEW1E59KKE34374,0
1FTFW1E55MFA50673,0
1FTEW1E54JFE45225,0
1FTFW1EF5DFD82363,0
1FTMF1C54LKE60316,0
1FT6W1EV9NWG07053,0
1FTEW1E49KFB50551,0
1FTEW1CP0NKD38397,0
1FTFW1RG8LFC05193,0
1FTFW1CT9DKF24987,0
1FTEW1EP4JKF70962,0
1FTEW1E49LFA37507,0
1FTEW1E54JFD12562,0
1FTEW1E40KKC83609,0
1FTFW1E8XNKD08141,0
1FTFW1RG3LFA91538,0
1FTFW1RG6NFA00457,0
1FTFW1RG0NFA85795,0
1FT6W1EV1NWG08178,0
1FTFW1E5XMKE48758,0
1FTFW1RG1MFC51644,0
1FTFW1RJ0PFA34960,0
1FTFW1RJ2PFA35060,0
1FTVW1EL8NWG14991,0
1FTEW1EP6GKD22527,0
1FTMF1CB8LKF05554,0
1FTEW1E52LKD28446,0
1FTEW1EG1JFE44843,0
1FTFW1RG3LFA12787,0
1FTFW1RG8JFA05329,0
1FTEW1CP9LKE64299,0
1FTEW1CB7KKD99410,0
1FTFW1EGXFFA17382,0
1FTFW1E89MFA59516,0
1FTEW1CG0GKE54699,0
1FTEW1EG7FFD08031,0
1FTEW1E49LKD28015,1
1FTEW1E46LFA64423,1
1FTEW1C53LFA26336,1
1FTFW1E82MFC27254,1
1FTFW1E84MFD00317,1
1FT6W1EV7NWG03650,0
1FTEW1E51KKC27526,0
1FTFW1E50LKD61644,0
1FTEW1E49KFA21483,0
1FTEW1CP8JKD42479,0
1FTEW1C55MKE64316,1
1FTFW1E5XMFB88323,0
1FTMF1CB1LKD05714,0
1FTEW1CP0KKD04133,0
1FTEW1EP6KFD32086,0
1FTEW1CP3LKD55871,0
1FTEW1EP1MKE38388,0
1FTEW1EP3NKD32929,0
1FTFW1ED9NFA48188,0
1FTFX1CF0EKE43238,0
1FTFW1ET9EKE18831,1
1FTFW1EF5DFD67779,0
1FTFW1E82MFA24946,0
1FTEW1E50JKE65527,0
1FTEW1E41LFB16279,1
1FTFW1RG1LFA12870,0
1FTEW1EG6JKG02875,0
1FTFW1E57MFB16219,0
1FTEW1EG9HFB33235,0
1FTFW1RG3LFA71354,0
1FTFW1RG6MFC62428,0
1FTEW1CP2MKD69214,0
1FTFW1E59MKE82142,0
1FTFW1RG1KFB16726,0
1FTFW1RG6NFC44982,0
1FTFX1EF9EFA12855,0
1FTEW1EF9GKF33065,0
1FTFW1E86NFB05045,1
1FTEW1E5XLFA62957,1
1FTEW1EG2JFE67161,1
1FTEW1C53KKD15691,0
1FTFW1EF5DFA29959,0
1FTEW1C4XLKF02029,0
1FTEW1EP9LKD53880,0
1FTFW1E82MFA90266,1
1FTFW1ED9MFC61866,0
1FTEW1CG7FFC70349,0
1FTFW1E53MFC10369,0
1FTFW1RG8PFA14122,0
1FTFW1RG0NFC07670,0
1FTFW1E52MFB10831,0
1FTFW1RGXMFC51643,0
1FTEW1EP2MKE23494,0
1FTMF1EPXLKF47023,1
1FTFW1ED5NFB56419,0
1FTFW1RG4NFC32068,1
1FTFW1RG4NFC44625,1
1FTEW1E5XLFA60545,1
1FTEW1E42KFC12257,0
1FTFW1RG2KFC86397,0
1FTFW1ED3MFB42288,0
1FTFW1ED4MFC04703,0
1FTEW1E83NFB10358,0
1FTEW1EG8KFB28356,0
1FTEW1CP5HKD80049,0
1FTEW1EG1FKE37499,0
1FTEW1EGXGFB01313,0
1FTEW1CG7JKC33186,0
1FTEW1CP4NKD50262,0
1FTEW1CP9LKD30814,1
1FTFW1CT9EKE65599,0
1FTFW1RG5JFA16692,0
1FTEW1CMXCKD80143,0
1FTFX1CF1DFB75159,0
1FTEW1CP0HKE25771,0
1FTEW1EF8FKE01655,0
1FTEW1EG5JFD36533,0
1FTEW1E54KKD51371,0
1FTEW1E55JKD37557,0
1FTEW1E45KKE84888,0
1FTFW1E57NKD08751,0
1FTFW1ET2DFB58490,0
1FTFW1CD0MFC94175,0
1FTEW1EP7LFB31279,0
1FTEW1C47LKD30851,0
1FTEW1EG2HFA96724,0
1FTEW1EG5HKC96150,0
1FTEW1E57LKE93862,0
1FTFW1E82MFA83589,0
1FTFW1E46KKD97277,0
1FTEW1E50LKD94929,0
1FTFW1EF2GFC50486,0
1FTEW1C50KKC19825,0
1FTEW1EG5JFA30674,0
1FTFW1EG1FFA19909,0
1FTFW1RG4NFA13806,0
1FTEW1C54MFA42045,0
1FTEW1EP4HKD08210,0
1FTEW1CB6JKE02408,0
1FTEW1E40KKD30167,0
1FTEW1C49LFA74785,1
1FTFW1E85NFA09827,0
1FTFW1RG6NFC44691,0
1FTPX12584NB03085,0
1FTFW1E50LKE09207,0
1FTEW1E59KKE61137,0
1FTEW1E53KKE03606,0
1FTEW1E5XLKE36300,0
1FTEW1EP2KKF00524,0
1FTFW1RG6LFC53436,0
1FTEW1EPXLFB14668,0
1FTEW1E87NFA68471,0
1FTFW1E83NKD67919,0
1FTFW1E87NKD49942,0
1FTFW1E50NFC05616,0
1FTFW1ED5NFC41535,0
1FTEW1EP7LFB55596,0
1FTFW1E83MFB86438,0
1FTEX1EP0FKE49513,0
1FTEW1CP8GKD43141,0
1FTFW1E82NKD86946,0
1FTEW1CP0JKF93321,0
1FTFW1RG6PFA63884,0
1FTEW1E40KKF17537,1
2FTZF07352CA32203,0
1FTFW1E85NFA09942,1
1FTEW1EP6JFA08196,0
1FTEW1CP0MKF13570,1
1FTEW1EG7HFA25471,1
1FTVX1CF1BKE04407,0
1FTEW1C48KKC47637,0
1FTEW1E42KFC40592,1
1FTEW1C48KFA74839,0
1FTFW1RG9NFA85990,1
1FTEW1EF8FKD64719,0
1FTFW1RG9JFA72098,0
1FTFW1RG7JFE46918,0
1FTFW1E86NFB36103,0
1FTFW1CT3EKF36392,0
1FTEW1CP5KKE45795,0
1FTFW1E53MFB96148,0
1FTFW1E89MKD11305,0
1FTFW1E89NKE81665,0
1FTMF1CB5LKD12486,0
1FTEW1C52KKD14466,0
1FTEW1E85NFA09984,0
1FTEW1CP0JKE29146,0
1FTEW1C50LKE26006,0
1FTFW1E81NFA48205,0
1FTFW1E59NFA61239,0
1FTFW1E82NFB01932,0
1FTFW1CT1EKG31159,1
1FTFW1RG1LFA14912,0
1FTEW1CP1KKF25823,1
1FTEW1E57LFC09087,0
1FTFW1RG1NFA87443,1
1FTFW1CD7MFA69526,0
1FTEW1E46KFB50734,0
1FTFW1RG4NFA89865,0
1FTEW1E52KKC76122,0
1FTEW1EP8NFA26057,0
1FTFW1E81MFC29559,0
1FTEW1EP2KKC10493,0
1FTEW1CP9HKE10279,0
1FTEW1CM2EFC32256,0
1FTEW1C40LKE07866,0
1FTEW1EG5JFD33518,0
1FTEW1E4XKFB47805,0
1FTFX1CF6CKD71135,0
1FTNF1CT2CKD16699,0
1FTFW1CF2CKD75346,0
1FTFW1ED5MFA83633,0
1FTEW1CP5LKE58547,0
1FTVW1EL4NWG00828,0
1FTEW1E40LKD36066,0
1FTMF1C5XKKC79123,0
1FTVW1EL6NWG06503,0
1FTEW1EG9JKE84529,0
1FTEW1EFXHKD31126,0
1FTEW1CP8KFC76154,1
1FTEX1E84FFA14883,0
1FTEW1EG9JFC97574,0
1FTFW1CF9EKE81425,0
1FTEW1EP2GKD53600,0
1FTFW1E50MFA84424,0
1FTEW1CP7NKD76970,0
1FTEW1EG0HKE49436,0
1FTFW1E87NKD55689,0
1FTEW1E50LKD78861,0
1FTFW1E83MFA72102,0
1FTRW12W27KC82802,0
1FTMF1CF9HKC89126,0
1FTFW1E51MFC09978,0
1FTFW1E58MFA59660,0
1FTFW1EDXMFB77569,0
1FTEW1E4XKFA52063,0
1FTEW1EP7LFC35187,0
1FTFW1E58MFC45831,0
1FTEW1CP7LFB46559,0
1FTFW1ED8NFA68688,0
1FTEW1E50LFB68205,0
1FTEW1CP4FKE48242,0
1FTFW1E16JFD52272,0
1FTEW1CP7FKE28082,0
1FTEW1CP0KKC19809,1
1FTEW1EP4JKF03374,0
1FTFW1E81MFC27049,0
1FTEW1E55KFC19227,0
1FTFW1E8XMKD73859,0
1FTFW1E80MFB87918,0
1FTFW1E84MKE56686,0
1FTEW1EP6GKD05954,0
1FTFW1EG4GFD51862,0
1FTEX1CPXJKF81299,0
1FTFW1E18JFE70226,0
1FTFW1RG5HFA24849,0
1FTFW1RG3JFD84949,1
1FTFW1E57MFC03571,1
1FTFW1RG0KFB16829,0
1FTEW1EP9NKD35382,0
1FTFW1E12MFC73508,1
1FTFW1E52NKD25540,0
1FTEW1C57LKD77774,0
1FTEW1CP3NKD20878,0
1FTFW1ED7NFA48142,0
1FTEW1C47KKD88196,0
1FTEW1EG5JFA61536,0
2FTRX17W73CA93759,0
1FTEW1E47KKE60947,0
1FTEW1E46KFB35960,0
1FTFW1RG5KFB80977,0
1FTFW1RGXMFC62495,0
1FTEW1EP1GKF09433,0
1FTEW1E54KFA41925,0
1FTEW1CGXHKD53073,0
1FTFW1E80NFB22701,0
1FTFW1E51NFA92954,0
1FTFW1CF1EKG45721,0
1FTEW1EG1FFA87977,0
1FTEW1CP8JKF70174,1
1FTEW1EF3GKF02720,0
1FTEW1EP1HKD41021,1
1FTEW1E55LFB38892,0
1FTFW1RG4HFB33285,0
1FTEW1EG7JKF52696,0
1FTEW1C80HKD11178,0
1FTEW1EG8JKF74397,0
1FTEW1EP5KKC96091,0
1FTFW1RG3KFB37416,0
1FTFW1C89MFA37437,0
1FTFW1E82NFA97204,0
1FTFW1E87NFA23566,0
1FTEW1EG4JFD60581,0
1FTEW1EG0GKF18771,0
1FTEW1E53KKC29438,0
1FTEW1EF5FKD07989,0
1FTEW1EG7JKE84884,0
1FTEW1E82NFA67048,0
1FTEW1E4XKKE47464,0
1FTEX1CM3CKD80627,0
1FTFW1ET6CFA04539,0
1FTFW1E51JKD86923,0
1FTFW1E59MFA59666,0
1FTEW1EP6HKC80975,0
1FTEW1EF9HFA13409,0
1FTEW1C80MFA90328,0
1FTEW1CP0JKC07903,0
1FTEW1EG3HKC63244,0
1FTEW1E48LFC56992,0
1FTEW1EG7JFA30904,0
1FTEW1CP6JKE57534,0
1FTEW1E5XLFA23172,0
1FTEW1E49KKE87180,0
1FTEW1E57KFC67070,0
1FTEW1CF0GFB01380,0
1FTEW1EG1HFB72434,1
1FTEW1EP2KKC01549,0
1FTFX1E52JKF30797,0
1FTFW1EF8CKD57401,0
1FTEW1E40KKE73491,1
1FTEW1EP0FKE84152,0
1FTEW1EFXGFC88771,0
1FTEW1E49KFA29633,0
1FTFW1E50MFB31774,0
1FTEW1CPXMFA24893,1
1FTFX1CF5DFB97925,0
1FTRW12W47KC15599,0
1FTEW1EP2HKD30447,0
1FTFW1ED8NFA10256,0
1FTEW1E8XPFA10678,0
1FTEW1EF2HFB55231,0
1FTEW1CP5HKC04490,0
1FTEW1EF2GFC86996,0
1FTFW1CT0DFD77452,0
1FTEW1EF2FKE70017,0
1FTFW1E89MKE04597,0
1FTFW1E83MFB93406,0
1FTEW1CG3JKD52384,0
1FTFW1EG4JKC05654,0
1FTEW1EP8KFD35880,0
1FTEW1E51KKD75322,0
1FTFW1RGXJFA96460,0
1FTEW1C53MKD16035,0
1FTEW1C54NFA68548,0
1FT6W1EV0NWG00377,1
1FT6W1EV9PWG01174,1
1FTEW1E50LFA12715,0
1FTFW1RG3LFC65902,0
1FTEW1E44KFB83571,0
1FTEW1CPXLKF36594,0
1FTFW1RG6JFA95712,0
1FTEW1EG6FFB22688,0
1FTEW1CP9MKD09687,0
1FTFW1E8XMKF10833,0
1FTEW1E86NFC38951,1
1FTEW1E56KKC61817,1
1FTFW1E88PFA20338,1
1FTEW1CPXHKD53168,0
1FTEW1EG2GKF09599,0
1FTEW1E40KKE45965,0
1FTFW1R63DFA67149,0
1FTFW1R67EFB76750,0
1FTFW1E87MFB19793,0
1FTFW1E84MFB58793,0
1FTFW1E53NFB24092,0
1FTFW1E5XNKE75928,0
1FTFW1E82MFB72580,0
1FTFW1E87NFA83119,0
1FTFW1E85NFA92529,0
1FTEX1CB8JKF86778,0
1FTEW1E47KFB03566,0
1FTEW1EG1JFA94467,0
1FTEW1E40LKF37918,0
1FTEW1CP3NKD66937,0
1FTFW1E84MFA20168,1
1FTEX1E68AFD67151,0
1FTFX1CF1DKD15198,0
1FTEW1CF1FFB90567,0
1FTEW1C47LKD11765,1
1FTEW1EG0JFD52249,0
1FTEW1EG0JKF70313,0
1FTEW1CP9KKC29402,0
1FTFW1E50MFC48027,0
1FTEW1C40LKD27757,0
1FTEW1C50LKD28139,0
1FTEW1E43LKE61160,0
1FTEW1EPXJKF02682,1
1FTEW1EG7HFA93642,1
1FTEW1E88NFB39645,0
1FTFW1E52MFB32103,0
1FTEW1CP3KKF31350,0
1FTEW1CP5KFA13507,0
1FTEW1EG3JFA44122,0
1FTEW1E55LKD96711,0
1FTEW1E52LFA25949,0
1FTFW1E59NFA09772,0
1FTFW1ET5DKE01961,0
1FTEW1CP1HKC33503,0
1FTEW1EF5FKE82792,0
1FTEW1C58KFA13578,0
1FTEW1EP9FKE58780,0
1FTEW1EG6FKD41710,0
1FTEW1C52KKD25418,0
1FTFW1ED7MFC03626,0
1FTEW1EP0MKD48097,0
1FTEW1EG2HFA18475,0
1FTFW1ED3MFA85543,0
1FTEW1EP3MFB86233,0
1FTFW1E51MFA42358,0
1FTEW1EF5FFA92185,0
1FTEW1CF3GKD21670,0
1FTEW1E41KKE31914,0
1FTEW1CMXEFD09018,0
1FTEW1CP7JFD42353,0
1FTEW1E5XKKF01063,1
1FTFW1ET6DFB18414,0
1FTVW1EV7NWG03319,1
1FT6W1EV7NWG02966,0
1FTEW1E84NFA23875,0
1FTEW1E45KFA86864,0
1FTFW1RG2JFB93605,1
1FTEW1C50LKE35076,0
1FTEW1EF2FKD47284,1
1FTEW1E45LFA23734,0
1FTFW1E88NFA48220,0
1FTEW1EG7GFA38901,0
1FTEW1E50KFA46815,0
1FTFW1E50LKD47789,0
1FTEW1EG7LFA17363,0
1FTFW1E87MFB03903,0
1FTFW1E84NFA23394,0
1FTFW1E80NFB24058,0
1FTFW1E87NFA32722,0
1FTFW1EF9EKF21970,0
1FTFW1EF8GKE75969,0
1FTEW1EG4GKE10430,0
1FTEW1E4XKKE59114,1
1FTFW1ET9DFC12075,0
1FTEW1EF0HKD81162,0
1FTEW1EG6GKD51378,0
1FTFW1RG8KFA69291,0
1FTEW1E82GFB12086,0
1FTFX1CT8EKG31222,0
1FTEW1EF6GKD70245,0
1FTEW1CP3JKD18381,0
1FTFW1E58JKE32506,0
1FTEW1C58KKC37828,0
1FTEW1CP0JKF71626,0
1FTEW1E55JKE29798,0
1FTMF1C81HKD44248,0
1FTFX1CF9CFC81776,0
1FTEW1EG0JFA13698,0
1FTEX1CMXDFC56753,0
1FTEW1C81AFA52120,0
1FTEX1EB2LKD35240,0
1FTFW1EF4EFB98162,0
1FTEW1EP7KFB79539,1
1FTFW1RG1LFA94115,0
1FTEW1CP5JKE34634,0
1FTFW1E82NFA47936,0
1FTEW1EP6FKE58123,0
1FTEW1E53JFD95871,0
1FTRF12WX7NA44386,0
1FTEW1CB1JKF52619,0
1FTEW1EG6GKE43025,0
1FTEW1E43KKE04892,0
1FTFW1R68DFB98884,0
1FTFW1RG5HFA66342,0
1FTFW1RG8HFC59021,0
1FTEW1CP2MKE39469,0
1FTEW1CP0FFA86919,0
1FTEW1E42LFA20743,0
1FTEX1C85GFD62356,0
1FTFW1ED4MFC87310,0
1FTEW1EF9HKD46426,0
1FTEW1EP7KKD56145,0
1FTEW1E49KFC48947,0
1FTFW1ET0DFB51943,0
1FTEW1EP0JKC02276,0
1FTEW1EPXKKD27111,1
1FTEW1E53JFC21797,0
1FTEW1EP7KKE44564,1
1FTEW1EP0LFB88407,1
1FTEW1EP8JKF13941,0
1FTFW1EG5HFA59753,0
1FTFW1E16KFB60321,0
1FTEW1E42KFA35239,0
1FTFW1CF4DKD87998,0
1FTEW1EG3GFA85066,0
1FTEW1EG7GKD53303,0
1FTEW1EG9GFC15299,0
1FTEW1EF8GKF31355,0
1FTRX12W28KC59759,0
1FTEW1CP0JKD52195,0
1FTEW1EF5HFA17876,0
1FTFW1RG4HFC28574,0
1FTFW1EG4GFC35982,0
1FTEW1CP4KKC75428,0
1FTEW1CP9KKC84125,0
1FTFW1E42KFC83267,0
1FTEW1E45LFB36843,0
1FTEW1E42LFA64208,0
1FTFW1E84MFB08248,0
1FTEW1EG2JFA30163,0
1FTEW1EF5HKD30322,0
1FTEW1E50KKE58921,0
1FTFW1E86NKE60286,1
1FTEW1CM2DFA52659,0
1FTFW1E8XMKD05741,0
1FTEW1E47LFA26280,0
1FT6W1EV1NWG01814,0
1FTFW1ET5CFA40822,0
1FTFW1RG9KFC02883,0
1FTEW1CP5FKE72243,0
1FTEW1EG2JFD38546,0
1FTFW1E80NKE85491,0
1FTEW1E40KFB03053,0
1FTFW1E82MFA29239,0
1FTEW1E59JFC42704,0
1FTFW1ET8EKE62674,0
1FTFW1CF1BFC72538,0
1FTEW1EBXJKE94376,0
1FTEW1CB5KKD23944,0
1FTEW1CG4HKD07142,0
1FTEW1EG4HKD17246,0
1FTEW1EF6HKC27328,0
1FTEX1CP8HKC95882,0
1FTEW1CP9MKD68139,0
1FTEX1C87AKE31207,0
1FTEW1CFXHKC00569,0
1FTEW1EF6HKC33727,0
1FTEW1EG4JKD65769,0
1FTEW1CP5JKD42410,0
1FTFW1RG3JFD84501,0
1FTEW1C50KKC11370,0
1FTEW1CP5LKF36504,1
1FTFW1RG8LFC04268,0
1FTFW1E18MFC73951,1
1FTFW1ED9MFB42361,1
1FTEW1E53LFA35504,0
1FTEW1CP2JKC39445,0
1FTEW1C41KFC10132,0
1FTVW1EV6NWG10293,0
1FTEX1EB3KFA37318,0
1FTEW1E45KFB23640,0
1FTRX08L43KB73367,0
1FTEW1CP7KKE03676,0
1FTFW1EG9JKC89826,0
1FTFW1CT4BFB55607,0
1FTEW1C59KKE58886,1
1FTFW1CF8EKF06024,0
1FTEW1EG7JKE13541,0
1FTEW1CM6DFA45360,0
1FTFW1E87MFB63518,0
1FTFW1E83MFC09927,0
1FTFW1E11MFA42647,0
1FTFW1E15MFC73955,0
1FTFW1E88MKE56691,0
1FTFW1E88NFA12642,1
1FTEW1EP5JKF52793,0
1FTEW1CP7KKC01548,0
1FTRX14W38FB88027,0
1FTRX18WXXKB59897,0
1FTEW1EG1GKD72882,1
1FTFW1E54MKE07655,0
1FTEW1CP0JKE65628,0
1FTEW1E45LKE36227,0
1FTEX1E81GFB29264,0
1FTPW12564KA67403,0
1FTFW1ET7DKE82283,0
1FTFW1E87MFB61624,0
1FTEW1EG2JFB69564,0
1FTFW1EF0DKG22846,0
1FTEW1E54KKC32235,0
